source,target,property_id,property_label
Q2408955,Q205057,P131,http://www.wikidata.org/prop/direct/P131
Q2408955,Q25755314,P166,http://www.wikidata.org/prop/direct/P166
Q2408955,Q419,P17,http://www.wikidata.org/prop/direct/P17
Q2408955,Q200538,P31,http://www.wikidata.org/prop/direct/P31
Q2408955,Q110319947,P3259,http://www.wikidata.org/prop/direct/P3259
Q2408955,Q419,P495,http://www.wikidata.org/prop/direct/P495
Q2408955,Q112898263,P6104,http://www.wikidata.org/prop/direct/P6104
Q60643381,Q1065053,P138,http://www.wikidata.org/prop/direct/P138
Q60643381,Q419,P17,http://www.wikidata.org/prop/direct/P17
Q60643381,Q375011,P31,http://www.wikidata.org/prop/direct/P31
Q60643381,Q2729,P837,http://www.wikidata.org/prop/direct/P837
Q60643381,Q2730,P837,http://www.wikidata.org/prop/direct/P837
Q60643381,Q2731,P837,http://www.wikidata.org/prop/direct/P837
Q42833695,Q419,P17,http://www.wikidata.org/prop/direct/P17
Q42833695,Q2065736,P31,http://www.wikidata.org/prop/direct/P31
Q42833695,Q1920482,P131,http://www.wikidata.org/prop/direct/P131
Q42833695,Q3825462,P276,http://www.wikidata.org/prop/direct/P276
Q42834609,Q419,P17,http://www.wikidata.org/prop/direct/P17
Q42834609,Q2065736,P31,http://www.wikidata.org/prop/direct/P31
Q42834609,Q1920602,P131,http://www.wikidata.org/prop/direct/P131
Q42834609,Q2718575,P276,http://www.wikidata.org/prop/direct/P276
Q42835067,Q419,P17,http://www.wikidata.org/prop/direct/P17
Q42835067,Q2065736,P31,http://www.wikidata.org/prop/direct/P31
Q42835067,Q1920602,P131,http://www.wikidata.org/prop/direct/P131
Q42835067,Q2718526,P276,http://www.wikidata.org/prop/direct/P276
Q42835562,Q419,P17,http://www.wikidata.org/prop/direct/P17
Q42835562,Q2065736,P31,http://www.wikidata.org/prop/direct/P31
Q42835562,Q1920500,P131,http://www.wikidata.org/prop/direct/P131
Q42835562,Q3312971,P276,http://www.wikidata.org/prop/direct/P276
Q42836531,Q419,P17,http://www.wikidata.org/prop/direct/P17
Q42836531,Q2065736,P31,http://www.wikidata.org/prop/direct/P31
Q42836531,Q1920602,P131,http://www.wikidata.org/prop/direct/P131
Q42836531,Q2718526,P276,http://www.wikidata.org/prop/direct/P276
Q42836561,Q419,P17,http://www.wikidata.org/prop/direct/P17
Q42836561,Q2065736,P31,http://www.wikidata.org/prop/direct/P31
Q42836561,Q1920602,P131,http://www.wikidata.org/prop/direct/P131
Q3001637,Q419,P17,http://www.wikidata.org/prop/direct/P17
Q3001637,Q16970,P31,http://www.wikidata.org/prop/direct/P31
Q3001637,Q1128397,P31,http://www.wikidata.org/prop/direct/P31
Q3001637,Q1132101,P131,http://www.wikidata.org/prop/direct/P131
Q3001637,Q5582862,P131,http://www.wikidata.org/prop/direct/P131
Q3001637,Q2723621,P276,http://www.wikidata.org/prop/direct/P276
Q10858554,Q419,P17,http://www.wikidata.org/prop/direct/P17
Q10858554,Q130719847,P31,http://www.wikidata.org/prop/direct/P31
Q10858554,Q2942242,P276,http://www.wikidata.org/prop/direct/P276
Q42835698,Q419,P17,http://www.wikidata.org/prop/direct/P17
Q42835698,Q2065736,P31,http://www.wikidata.org/prop/direct/P31
Q42835698,Q1920613,P131,http://www.wikidata.org/prop/direct/P131
Q42835698,Q3312249,P276,http://www.wikidata.org/prop/direct/P276
Q42836586,Q419,P17,http://www.wikidata.org/prop/direct/P17
Q42836586,Q2065736,P31,http://www.wikidata.org/prop/direct/P31
Q42836586,Q1948019,P131,http://www.wikidata.org/prop/direct/P131
Q42836586,Q3312892,P276,http://www.wikidata.org/prop/direct/P276
Q131344185,Q3305213,P31,http://www.wikidata.org/prop/direct/P31
Q131344185,Q54800990,P276,http://www.wikidata.org/prop/direct/P276
Q42832097,Q419,P17,http://www.wikidata.org/prop/direct/P17
Q42832097,Q16970,P31,http://www.wikidata.org/prop/direct/P31
Q42832097,Q1073654,P131,http://www.wikidata.org/prop/direct/P131
Q42832097,Q26764442,P276,http://www.wikidata.org/prop/direct/P276
Q42834451,Q419,P17,http://www.wikidata.org/prop/direct/P17
Q42834451,Q2065736,P31,http://www.wikidata.org/prop/direct/P31
Q42834451,Q1948019,P131,http://www.wikidata.org/prop/direct/P131
Q42834451,Q3313092,P276,http://www.wikidata.org/prop/direct/P276
Q2003624,Q419,P17,http://www.wikidata.org/prop/direct/P17
Q2003624,Q839954,P31,http://www.wikidata.org/prop/direct/P31
Q2003624,Q419,P131,http://www.wikidata.org/prop/direct/P131
Q2003624,Q1920520,P131,http://www.wikidata.org/prop/direct/P131
Q2003624,Q3313067,P276,http://www.wikidata.org/prop/direct/P276
Q15949935,Q419,P17,http://www.wikidata.org/prop/direct/P17
Q15949935,Q839954,P31,http://www.wikidata.org/prop/direct/P31
Q15949935,Q205057,P131,http://www.wikidata.org/prop/direct/P131
Q15949935,Q591626,P276,http://www.wikidata.org/prop/direct/P276
Q42825898,Q419,P17,http://www.wikidata.org/prop/direct/P17
Q42825898,Q2065736,P31,http://www.wikidata.org/prop/direct/P31
Q42825898,Q1920602,P131,http://www.wikidata.org/prop/direct/P131
Q42825898,Q2718491,P276,http://www.wikidata.org/prop/direct/P276
Q42825969,Q419,P17,http://www.wikidata.org/prop/direct/P17
Q42825969,Q2065736,P31,http://www.wikidata.org/prop/direct/P31
Q42825969,Q1920602,P131,http://www.wikidata.org/prop/direct/P131
Q42825969,Q2718491,P276,http://www.wikidata.org/prop/direct/P276
Q42826054,Q419,P17,http://www.wikidata.org/prop/direct/P17
Q42826054,Q2065736,P31,http://www.wikidata.org/prop/direct/P31
Q42826054,Q1920602,P131,http://www.wikidata.org/prop/direct/P131
Q42826054,Q2718491,P276,http://www.wikidata.org/prop/direct/P276
Q42826110,Q419,P17,http://www.wikidata.org/prop/direct/P17
Q42826110,Q2065736,P31,http://www.wikidata.org/prop/direct/P31
Q42826110,Q1920602,P131,http://www.wikidata.org/prop/direct/P131
Q42826110,Q2718491,P276,http://www.wikidata.org/prop/direct/P276
Q42826170,Q419,P17,http://www.wikidata.org/prop/direct/P17
Q42826170,Q2065736,P31,http://www.wikidata.org/prop/direct/P31
Q42826170,Q1920602,P131,http://www.wikidata.org/prop/direct/P131
Q42826170,Q2718491,P276,http://www.wikidata.org/prop/direct/P276
Q42826225,Q419,P17,http://www.wikidata.org/prop/direct/P17
Q42826225,Q2065736,P31,http://www.wikidata.org/prop/direct/P31
Q42826225,Q1920602,P131,http://www.wikidata.org/prop/direct/P131
Q42826225,Q2488809,P276,http://www.wikidata.org/prop/direct/P276
Q42826347,Q419,P17,http://www.wikidata.org/prop/direct/P17
Q42826347,Q2065736,P31,http://www.wikidata.org/prop/direct/P31
Q42826347,Q1920500,P131,http://www.wikidata.org/prop/direct/P131
Q42826347,Q3312918,P276,http://www.wikidata.org/prop/direct/P276
Q42826401,Q419,P17,http://www.wikidata.org/prop/direct/P17
Q42826401,Q2065736,P31,http://www.wikidata.org/prop/direct/P31
Q42826401,Q1920500,P131,http://www.wikidata.org/prop/direct/P131
Q42826401,Q3312952,P276,http://www.wikidata.org/prop/direct/P276
Q42826457,Q419,P17,http://www.wikidata.org/prop/direct/P17
Q42826457,Q2065736,P31,http://www.wikidata.org/prop/direct/P31
Q42826457,Q1920500,P131,http://www.wikidata.org/prop/direct/P131
Q42826457,Q3312971,P276,http://www.wikidata.org/prop/direct/P276
Q42831358,Q419,P17,http://www.wikidata.org/prop/direct/P17
Q42831358,Q2065736,P31,http://www.wikidata.org/prop/direct/P31
Q42831358,Q1920520,P131,http://www.wikidata.org/prop/direct/P131
Q42831358,Q2846059,P276,http://www.wikidata.org/prop/direct/P276
Q42831409,Q419,P17,http://www.wikidata.org/prop/direct/P17
Q42831409,Q2065736,P31,http://www.wikidata.org/prop/direct/P31
Q42831409,Q1920520,P131,http://www.wikidata.org/prop/direct/P131
Q42831409,Q3313115,P276,http://www.wikidata.org/prop/direct/P276
Q42831466,Q419,P17,http://www.wikidata.org/prop/direct/P17
Q42831466,Q2065736,P31,http://www.wikidata.org/prop/direct/P31
Q42831466,Q1920520,P131,http://www.wikidata.org/prop/direct/P131
Q42831466,Q3313115,P276,http://www.wikidata.org/prop/direct/P276
Q42831611,Q419,P17,http://www.wikidata.org/prop/direct/P17
Q42831611,Q2065736,P31,http://www.wikidata.org/prop/direct/P31
Q42831611,Q1920520,P131,http://www.wikidata.org/prop/direct/P131
Q42831611,Q3313067,P276,http://www.wikidata.org/prop/direct/P276
Q42831659,Q419,P17,http://www.wikidata.org/prop/direct/P17
Q42831659,Q2065736,P31,http://www.wikidata.org/prop/direct/P31
Q42831659,Q1920520,P131,http://www.wikidata.org/prop/direct/P131
Q42831659,Q3313067,P276,http://www.wikidata.org/prop/direct/P276
Q42831708,Q419,P17,http://www.wikidata.org/prop/direct/P17
Q42831708,Q2065736,P31,http://www.wikidata.org/prop/direct/P31
Q42831708,Q1920520,P131,http://www.wikidata.org/prop/direct/P131
Q42831708,Q3313067,P276,http://www.wikidata.org/prop/direct/P276
Q42831764,Q419,P17,http://www.wikidata.org/prop/direct/P17
Q42831764,Q2065736,P31,http://www.wikidata.org/prop/direct/P31
Q42831764,Q1920520,P131,http://www.wikidata.org/prop/direct/P131
Q42831764,Q3312532,P276,http://www.wikidata.org/prop/direct/P276
Q42831821,Q419,P17,http://www.wikidata.org/prop/direct/P17
Q42831821,Q2065736,P31,http://www.wikidata.org/prop/direct/P31
Q42831821,Q1920520,P131,http://www.wikidata.org/prop/direct/P131
Q42831821,Q3312532,P276,http://www.wikidata.org/prop/direct/P276
Q42831882,Q419,P17,http://www.wikidata.org/prop/direct/P17
Q42831882,Q2065736,P31,http://www.wikidata.org/prop/direct/P31
Q42831882,Q1920520,P131,http://www.wikidata.org/prop/direct/P131
Q42831882,Q3312532,P276,http://www.wikidata.org/prop/direct/P276
Q42831947,Q419,P17,http://www.wikidata.org/prop/direct/P17
Q42831947,Q2065736,P31,http://www.wikidata.org/prop/direct/P31
Q42831947,Q1920520,P131,http://www.wikidata.org/prop/direct/P131
Q42831947,Q3312532,P276,http://www.wikidata.org/prop/direct/P276
Q42831993,Q419,P17,http://www.wikidata.org/prop/direct/P17
Q42831993,Q2065736,P31,http://www.wikidata.org/prop/direct/P31
Q42831993,Q1920520,P131,http://www.wikidata.org/prop/direct/P131
Q42831993,Q934601,P276,http://www.wikidata.org/prop/direct/P276
Q42833188,Q419,P17,http://www.wikidata.org/prop/direct/P17
Q42833188,Q2065736,P31,http://www.wikidata.org/prop/direct/P31
Q42833188,Q1920520,P131,http://www.wikidata.org/prop/direct/P131
Q42833188,Q3312165,P276,http://www.wikidata.org/prop/direct/P276
Q42833307,Q419,P17,http://www.wikidata.org/prop/direct/P17
Q42833307,Q2065736,P31,http://www.wikidata.org/prop/direct/P31
Q42833307,Q1920482,P131,http://www.wikidata.org/prop/direct/P131
Q42833307,Q3825462,P276,http://www.wikidata.org/prop/direct/P276
Q42833413,Q419,P17,http://www.wikidata.org/prop/direct/P17
Q42833413,Q2065736,P31,http://www.wikidata.org/prop/direct/P31
Q42833413,Q1920520,P131,http://www.wikidata.org/prop/direct/P131
Q42833413,Q3312947,P276,http://www.wikidata.org/prop/direct/P276
Q42833635,Q419,P17,http://www.wikidata.org/prop/direct/P17
Q42833635,Q2065736,P31,http://www.wikidata.org/prop/direct/P31
Q42833635,Q1920520,P131,http://www.wikidata.org/prop/direct/P131
Q42833635,Q3313067,P276,http://www.wikidata.org/prop/direct/P276
Q42833816,Q419,P17,http://www.wikidata.org/prop/direct/P17
Q42833816,Q2065736,P31,http://www.wikidata.org/prop/direct/P31
Q42833816,Q1920482,P131,http://www.wikidata.org/prop/direct/P131
Q42833816,Q3825754,P276,http://www.wikidata.org/prop/direct/P276
Q42833994,Q419,P17,http://www.wikidata.org/prop/direct/P17
Q42833994,Q2065736,P31,http://www.wikidata.org/prop/direct/P31
Q42833994,Q1920500,P131,http://www.wikidata.org/prop/direct/P131
Q42833994,Q3312517,P276,http://www.wikidata.org/prop/direct/P276
Q42834109,Q419,P17,http://www.wikidata.org/prop/direct/P17
Q42834109,Q2065736,P31,http://www.wikidata.org/prop/direct/P31
Q42834109,Q1920482,P131,http://www.wikidata.org/prop/direct/P131
Q42834109,Q3825754,P276,http://www.wikidata.org/prop/direct/P276
Q42834961,Q419,P17,http://www.wikidata.org/prop/direct/P17
Q42834961,Q2065736,P31,http://www.wikidata.org/prop/direct/P31
Q42834961,Q1920482,P131,http://www.wikidata.org/prop/direct/P131
Q42834961,Q3313271,P276,http://www.wikidata.org/prop/direct/P276
Q42835128,Q419,P17,http://www.wikidata.org/prop/direct/P17
Q42835128,Q2065736,P31,http://www.wikidata.org/prop/direct/P31
Q42835128,Q1920520,P131,http://www.wikidata.org/prop/direct/P131
Q42835128,Q3312576,P276,http://www.wikidata.org/prop/direct/P276
Q42835334,Q419,P17,http://www.wikidata.org/prop/direct/P17
Q42835334,Q2065736,P31,http://www.wikidata.org/prop/direct/P31
Q42835334,Q1920482,P131,http://www.wikidata.org/prop/direct/P131
Q42835334,Q3825754,P276,http://www.wikidata.org/prop/direct/P276
Q42835523,Q419,P17,http://www.wikidata.org/prop/direct/P17
Q42835523,Q2065736,P31,http://www.wikidata.org/prop/direct/P31
Q42835523,Q1920500,P131,http://www.wikidata.org/prop/direct/P131
Q42835523,Q3312517,P276,http://www.wikidata.org/prop/direct/P276
Q42835593,Q419,P17,http://www.wikidata.org/prop/direct/P17
Q42835593,Q2065736,P31,http://www.wikidata.org/prop/direct/P31
Q42835593,Q1920602,P131,http://www.wikidata.org/prop/direct/P131
Q42835593,Q967582,P276,http://www.wikidata.org/prop/direct/P276
Q42835766,Q419,P17,http://www.wikidata.org/prop/direct/P17
Q42835766,Q2065736,P31,http://www.wikidata.org/prop/direct/P31
Q42835766,Q1920602,P131,http://www.wikidata.org/prop/direct/P131
Q42835766,Q938103,P276,http://www.wikidata.org/prop/direct/P276
Q42835842,Q419,P17,http://www.wikidata.org/prop/direct/P17
Q42835842,Q2065736,P31,http://www.wikidata.org/prop/direct/P31
Q42835842,Q1920602,P131,http://www.wikidata.org/prop/direct/P131
Q42835842,Q591626,P276,http://www.wikidata.org/prop/direct/P276
Q42835919,Q419,P17,http://www.wikidata.org/prop/direct/P17
Q42835919,Q2065736,P31,http://www.wikidata.org/prop/direct/P31
Q42835919,Q1920520,P131,http://www.wikidata.org/prop/direct/P131
Q42835919,Q3312493,P276,http://www.wikidata.org/prop/direct/P276
Q42835962,Q419,P17,http://www.wikidata.org/prop/direct/P17
Q42835962,Q2065736,P31,http://www.wikidata.org/prop/direct/P31
Q42835962,Q1920602,P131,http://www.wikidata.org/prop/direct/P131
Q42835962,Q967582,P276,http://www.wikidata.org/prop/direct/P276
Q42836000,Q419,P17,http://www.wikidata.org/prop/direct/P17
Q42836000,Q2065736,P31,http://www.wikidata.org/prop/direct/P31
Q42836000,Q1920482,P131,http://www.wikidata.org/prop/direct/P131
Q42836000,Q3313271,P276,http://www.wikidata.org/prop/direct/P276
Q42836071,Q419,P17,http://www.wikidata.org/prop/direct/P17
Q42836071,Q2065736,P31,http://www.wikidata.org/prop/direct/P31
Q42836071,Q1920602,P131,http://www.wikidata.org/prop/direct/P131
Q42836071,Q591626,P276,http://www.wikidata.org/prop/direct/P276
Q42836103,Q419,P17,http://www.wikidata.org/prop/direct/P17
Q42836103,Q2065736,P31,http://www.wikidata.org/prop/direct/P31
Q42836103,Q1920520,P131,http://www.wikidata.org/prop/direct/P131
Q42836103,Q3312165,P276,http://www.wikidata.org/prop/direct/P276
Q42836241,Q419,P17,http://www.wikidata.org/prop/direct/P17
Q42836241,Q2065736,P31,http://www.wikidata.org/prop/direct/P31
Q42836241,Q1920602,P131,http://www.wikidata.org/prop/direct/P131
Q42836241,Q967582,P276,http://www.wikidata.org/prop/direct/P276
Q42836337,Q419,P17,http://www.wikidata.org/prop/direct/P17
Q42836337,Q2065736,P31,http://www.wikidata.org/prop/direct/P31
Q42836337,Q1920602,P131,http://www.wikidata.org/prop/direct/P131
Q42836337,Q591626,P276,http://www.wikidata.org/prop/direct/P276
Q42836373,Q419,P17,http://www.wikidata.org/prop/direct/P17
Q42836373,Q2065736,P31,http://www.wikidata.org/prop/direct/P31
Q42836373,Q1920602,P131,http://www.wikidata.org/prop/direct/P131
Q42836373,Q2718526,P276,http://www.wikidata.org/prop/direct/P276
Q1360456,Q419,P17,http://www.wikidata.org/prop/direct/P17
Q1360456,Q839954,P31,http://www.wikidata.org/prop/direct/P31
Q1360456,Q1341387,P31,http://www.wikidata.org/prop/direct/P31
Q1360456,Q1132101,P131,http://www.wikidata.org/prop/direct/P131
Q1360456,Q2723621,P276,http://www.wikidata.org/prop/direct/P276
Q2390374,Q419,P17,http://www.wikidata.org/prop/direct/P17
Q2390374,Q839954,P31,http://www.wikidata.org/prop/direct/P31
Q2390374,Q1132101,P131,http://www.wikidata.org/prop/direct/P131
Q2390374,Q2723621,P276,http://www.wikidata.org/prop/direct/P276
Q2942242,Q419,P17,http://www.wikidata.org/prop/direct/P17
Q2942242,Q2977,P31,http://www.wikidata.org/prop/direct/P31
Q2942242,Q120560,P31,http://www.wikidata.org/prop/direct/P31
Q2942242,Q570116,P31,http://www.wikidata.org/prop/direct/P31
Q2942242,Q1132101,P131,http://www.wikidata.org/prop/direct/P131
Q2942242,Q5582862,P131,http://www.wikidata.org/prop/direct/P131
Q2942242,Q162691,P138,http://www.wikidata.org/prop/direct/P138
Q2942242,Q2723621,P276,http://www.wikidata.org/prop/direct/P276
Q5738212,Q419,P17,http://www.wikidata.org/prop/direct/P17
Q5738212,Q2065736,P31,http://www.wikidata.org/prop/direct/P31
Q5738212,Q1132101,P131,http://www.wikidata.org/prop/direct/P131
Q5738212,Q2723621,P276,http://www.wikidata.org/prop/direct/P276
Q9172888,Q178561,P31,http://www.wikidata.org/prop/direct/P31
Q9172888,Q3312913,P276,http://www.wikidata.org/prop/direct/P276
Q9172888,Q1806552,P361,http://www.wikidata.org/prop/direct/P361
Q10974742,Q419,P17,http://www.wikidata.org/prop/direct/P17
Q10974742,Q56395672,P31,http://www.wikidata.org/prop/direct/P31
Q10974742,Q1132101,P131,http://www.wikidata.org/prop/direct/P131
Q10974742,Q5582862,P131,http://www.wikidata.org/prop/direct/P131
Q10974742,Q2723621,P276,http://www.wikidata.org/prop/direct/P276
Q26905493,Q419,P17,http://www.wikidata.org/prop/direct/P17
Q26905493,Q16970,P31,http://www.wikidata.org/prop/direct/P31
Q26905493,Q205057,P131,http://www.wikidata.org/prop/direct/P131
Q26905493,Q1132101,P131,http://www.wikidata.org/prop/direct/P131
Q26905493,Q3322708,P276,http://www.wikidata.org/prop/direct/P276
Q42826529,Q419,P17,http://www.wikidata.org/prop/direct/P17
Q42826529,Q2065736,P31,http://www.wikidata.org/prop/direct/P31
Q42826529,Q951287,P131,http://www.wikidata.org/prop/direct/P131
Q42826529,Q3312913,P276,http://www.wikidata.org/prop/direct/P276
Q42826588,Q419,P17,http://www.wikidata.org/prop/direct/P17
Q42826588,Q2065736,P31,http://www.wikidata.org/prop/direct/P31
Q42826588,Q951287,P131,http://www.wikidata.org/prop/direct/P131
Q42826588,Q3312913,P276,http://www.wikidata.org/prop/direct/P276
Q42826647,Q419,P17,http://www.wikidata.org/prop/direct/P17
Q42826647,Q2065736,P31,http://www.wikidata.org/prop/direct/P31
Q42826647,Q951287,P131,http://www.wikidata.org/prop/direct/P131
Q42826647,Q3312597,P276,http://www.wikidata.org/prop/direct/P276
Q42826703,Q419,P17,http://www.wikidata.org/prop/direct/P17
Q42826703,Q2065736,P31,http://www.wikidata.org/prop/direct/P31
Q42826703,Q951287,P131,http://www.wikidata.org/prop/direct/P131
Q42826703,Q3312558,P276,http://www.wikidata.org/prop/direct/P276
Q42826763,Q419,P17,http://www.wikidata.org/prop/direct/P17
Q42826763,Q2065736,P31,http://www.wikidata.org/prop/direct/P31
Q42826763,Q951287,P131,http://www.wikidata.org/prop/direct/P131
Q42826763,Q2608412,P276,http://www.wikidata.org/prop/direct/P276
Q42826830,Q419,P17,http://www.wikidata.org/prop/direct/P17
Q42826830,Q2065736,P31,http://www.wikidata.org/prop/direct/P31
Q42826830,Q951287,P131,http://www.wikidata.org/prop/direct/P131
Q42826830,Q2608412,P276,http://www.wikidata.org/prop/direct/P276
Q42826912,Q419,P17,http://www.wikidata.org/prop/direct/P17
Q42826912,Q2065736,P31,http://www.wikidata.org/prop/direct/P31
Q42826912,Q951287,P131,http://www.wikidata.org/prop/direct/P131
Q42826912,Q3322654,P276,http://www.wikidata.org/prop/direct/P276
Q42826974,Q419,P17,http://www.wikidata.org/prop/direct/P17
Q42834849,Q419,P17,http://www.wikidata.org/prop/direct/P17
Q42834849,Q2065736,P31,http://www.wikidata.org/prop/direct/P31
Q42834849,Q1920613,P131,http://www.wikidata.org/prop/direct/P131
Q42834849,Q2893883,P276,http://www.wikidata.org/prop/direct/P276
Q42834907,Q419,P17,http://www.wikidata.org/prop/direct/P17
Q42834907,Q2065736,P31,http://www.wikidata.org/prop/direct/P31
Q42834907,Q1920613,P131,http://www.wikidata.org/prop/direct/P131
Q42834907,Q3312865,P276,http://www.wikidata.org/prop/direct/P276
Q42835013,Q419,P17,http://www.wikidata.org/prop/direct/P17
Q42835013,Q2065736,P31,http://www.wikidata.org/prop/direct/P31
Q42835013,Q1920613,P131,http://www.wikidata.org/prop/direct/P131
Q42835013,Q3312865,P276,http://www.wikidata.org/prop/direct/P276
Q42835232,Q419,P17,http://www.wikidata.org/prop/direct/P17
Q42835232,Q2065736,P31,http://www.wikidata.org/prop/direct/P31
Q42835232,Q1920613,P131,http://www.wikidata.org/prop/direct/P131
Q42835232,Q3312249,P276,http://www.wikidata.org/prop/direct/P276
Q42835280,Q419,P17,http://www.wikidata.org/prop/direct/P17
Q42835280,Q2065736,P31,http://www.wikidata.org/prop/direct/P31
Q42835280,Q1920613,P131,http://www.wikidata.org/prop/direct/P131
Q42835280,Q3312249,P276,http://www.wikidata.org/prop/direct/P276
Q42835444,Q419,P17,http://www.wikidata.org/prop/direct/P17
Q42835444,Q2065736,P31,http://www.wikidata.org/prop/direct/P31
Q42835444,Q1947973,P131,http://www.wikidata.org/prop/direct/P131
Q42835444,Q3321976,P276,http://www.wikidata.org/prop/direct/P276
Q42835807,Q419,P17,http://www.wikidata.org/prop/direct/P17
Q42835807,Q2065736,P31,http://www.wikidata.org/prop/direct/P31
Q42835807,Q1948019,P131,http://www.wikidata.org/prop/direct/P131
Q42835807,Q3312892,P276,http://www.wikidata.org/prop/direct/P276
Q42836203,Q419,P17,http://www.wikidata.org/prop/direct/P17
Q42836203,Q2065736,P31,http://www.wikidata.org/prop/direct/P31
Q42836203,Q1947973,P131,http://www.wikidata.org/prop/direct/P131
Q42836203,Q3314065,P276,http://www.wikidata.org/prop/direct/P276
Q42836273,Q419,P17,http://www.wikidata.org/prop/direct/P17
Q42836273,Q2065736,P31,http://www.wikidata.org/prop/direct/P31
Q42836273,Q1948019,P131,http://www.wikidata.org/prop/direct/P131
Q42836273,Q3313110,P276,http://www.wikidata.org/prop/direct/P276
Q42836407,Q419,P17,http://www.wikidata.org/prop/direct/P17
Q42836407,Q2065736,P31,http://www.wikidata.org/prop/direct/P31
Q42836407,Q1948019,P131,http://www.wikidata.org/prop/direct/P131
Q42836407,Q3312884,P276,http://www.wikidata.org/prop/direct/P276
Q42836500,Q419,P17,http://www.wikidata.org/prop/direct/P17
Q42836500,Q2065736,P31,http://www.wikidata.org/prop/direct/P31
Q42836500,Q1920613,P131,http://www.wikidata.org/prop/direct/P131
Q42836500,Q921913,P276,http://www.wikidata.org/prop/direct/P276
Q676203,Q419,P17,http://www.wikidata.org/prop/direct/P17
Q676203,Q570116,P31,http://www.wikidata.org/prop/direct/P31
Q676203,Q839954,P31,http://www.wikidata.org/prop/direct/P31
Q676203,Q15661340,P31,http://www.wikidata.org/prop/direct/P31
Q676203,Q205057,P131,http://www.wikidata.org/prop/direct/P131
Q676203,Q1771879,P131,http://www.wikidata.org/prop/direct/P131
Q676203,Q397990,P276,http://www.wikidata.org/prop/direct/P276
Q676203,Q3331815,P361,http://www.wikidata.org/prop/direct/P361
Q2338093,Q419,P17,http://www.wikidata.org/prop/direct/P17
Q2338093,Q178561,P31,http://www.wikidata.org/prop/direct/P31
Q2338093,Q828336,P276,http://www.wikidata.org/prop/direct/P276
Q2338093,Q5884503,P361,http://www.wikidata.org/prop/direct/P361
Q4872293,Q419,P17,http://www.wikidata.org/prop/direct/P17
Q4872293,Q178561,P31,http://www.wikidata.org/prop/direct/P31
Q4872293,Q7417854,P276,http://www.wikidata.org/prop/direct/P276
Q4872293,Q1806552,P361,http://www.wikidata.org/prop/direct/P361
Q5055825,Q178561,P31,http://www.wikidata.org/prop/direct/P31
Q5055825,Q828336,P276,http://www.wikidata.org/prop/direct/P276
Q5055825,Q636771,P361,http://www.wikidata.org/prop/direct/P361
Q9172756,Q178561,P31,http://www.wikidata.org/prop/direct/P31
Q9172756,Q2989619,P276,http://www.wikidata.org/prop/direct/P276
Q9172756,Q636771,P361,http://www.wikidata.org/prop/direct/P361
Q16618903,Q419,P17,http://www.wikidata.org/prop/direct/P17
Q16618903,Q22731,P31,http://www.wikidata.org/prop/direct/P31
Q16618903,Q618123,P31,http://www.wikidata.org/prop/direct/P31
Q16618903,Q5582862,P131,http://www.wikidata.org/prop/direct/P131
Q16618903,Q5892811,P276,http://www.wikidata.org/prop/direct/P276
Q42826285,Q419,P17,http://www.wikidata.org/prop/direct/P17
Q42826285,Q2065736,P31,http://www.wikidata.org/prop/direct/P31
Q42826285,Q1948019,P131,http://www.wikidata.org/prop/direct/P131
Q42826285,Q3312974,P276,http://www.wikidata.org/prop/direct/P276
Q42830962,Q419,P17,http://www.wikidata.org/prop/direct/P17
Q42830962,Q2065736,P31,http://www.wikidata.org/prop/direct/P31
Q42830962,Q1947973,P131,http://www.wikidata.org/prop/direct/P131
Q42830962,Q3315216,P276,http://www.wikidata.org/prop/direct/P276
Q42831023,Q419,P17,http://www.wikidata.org/prop/direct/P17
Q42831023,Q2065736,P31,http://www.wikidata.org/prop/direct/P31
Q42831023,Q1920613,P131,http://www.wikidata.org/prop/direct/P131
Q42831023,Q3312396,P276,http://www.wikidata.org/prop/direct/P276
Q42831073,Q419,P17,http://www.wikidata.org/prop/direct/P17
Q42831073,Q2065736,P31,http://www.wikidata.org/prop/direct/P31
Q42831073,Q1920613,P131,http://www.wikidata.org/prop/direct/P131
Q42831073,Q3312608,P276,http://www.wikidata.org/prop/direct/P276
Q42831120,Q419,P17,http://www.wikidata.org/prop/direct/P17
Q42831120,Q2065736,P31,http://www.wikidata.org/prop/direct/P31
Q42831120,Q1920613,P131,http://www.wikidata.org/prop/direct/P131
Q42831120,Q3312608,P276,http://www.wikidata.org/prop/direct/P276
Q42831169,Q419,P17,http://www.wikidata.org/prop/direct/P17
Q42831169,Q2065736,P31,http://www.wikidata.org/prop/direct/P31
Q42831169,Q1920613,P131,http://www.wikidata.org/prop/direct/P131
Q42831169,Q3312939,P276,http://www.wikidata.org/prop/direct/P276
Q42832721,Q419,P17,http://www.wikidata.org/prop/direct/P17
Q42832721,Q2065736,P31,http://www.wikidata.org/prop/direct/P31
Q42832721,Q1948019,P131,http://www.wikidata.org/prop/direct/P131
Q42832721,Q3312974,P276,http://www.wikidata.org/prop/direct/P276
Q42833245,Q419,P17,http://www.wikidata.org/prop/direct/P17
Q42833245,Q2065736,P31,http://www.wikidata.org/prop/direct/P31
Q42833245,Q1920613,P131,http://www.wikidata.org/prop/direct/P131
Q42833245,Q3312608,P276,http://www.wikidata.org/prop/direct/P276
Q42833523,Q419,P17,http://www.wikidata.org/prop/direct/P17
Q42833523,Q2065736,P31,http://www.wikidata.org/prop/direct/P31
Q42833523,Q1948019,P131,http://www.wikidata.org/prop/direct/P131
Q42833523,Q3313092,P276,http://www.wikidata.org/prop/direct/P276
Q42834323,Q419,P17,http://www.wikidata.org/prop/direct/P17
Q42834323,Q2065736,P31,http://www.wikidata.org/prop/direct/P31
Q42834323,Q1947973,P131,http://www.wikidata.org/prop/direct/P131
Q42834323,Q3315216,P276,http://www.wikidata.org/prop/direct/P276
Q42834561,Q419,P17,http://www.wikidata.org/prop/direct/P17
Q42834561,Q2065736,P31,http://www.wikidata.org/prop/direct/P31
Q42834561,Q1948019,P131,http://www.wikidata.org/prop/direct/P131
Q42834561,Q3313092,P276,http://www.wikidata.org/prop/direct/P276
Q42826974,Q2065736,P31,http://www.wikidata.org/prop/direct/P31
Q42826974,Q106314740,P31,http://www.wikidata.org/prop/direct/P31
Q42826974,Q1132101,P131,http://www.wikidata.org/prop/direct/P131
Q42826974,Q2723621,P276,http://www.wikidata.org/prop/direct/P276
Q42827039,Q419,P17,http://www.wikidata.org/prop/direct/P17
Q42827039,Q2065736,P31,http://www.wikidata.org/prop/direct/P31
Q42827039,Q1132101,P131,http://www.wikidata.org/prop/direct/P131
Q42827039,Q2723621,P276,http://www.wikidata.org/prop/direct/P276
Q42827108,Q419,P17,http://www.wikidata.org/prop/direct/P17
Q42827108,Q2065736,P31,http://www.wikidata.org/prop/direct/P31
Q42827108,Q1132101,P131,http://www.wikidata.org/prop/direct/P131
Q42827108,Q2723621,P276,http://www.wikidata.org/prop/direct/P276
Q42827174,Q419,P17,http://www.wikidata.org/prop/direct/P17
Q42827174,Q2065736,P31,http://www.wikidata.org/prop/direct/P31
Q42827174,Q1132101,P131,http://www.wikidata.org/prop/direct/P131
Q42827174,Q2723621,P276,http://www.wikidata.org/prop/direct/P276
Q42827242,Q419,P17,http://www.wikidata.org/prop/direct/P17
Q42827242,Q2065736,P31,http://www.wikidata.org/prop/direct/P31
Q42827242,Q1132101,P131,http://www.wikidata.org/prop/direct/P131
Q42827242,Q2723621,P276,http://www.wikidata.org/prop/direct/P276
Q42827318,Q419,P17,http://www.wikidata.org/prop/direct/P17
Q42827318,Q2065736,P31,http://www.wikidata.org/prop/direct/P31
Q42827318,Q1132101,P131,http://www.wikidata.org/prop/direct/P131
Q42827318,Q2723621,P276,http://www.wikidata.org/prop/direct/P276
Q42827372,Q419,P17,http://www.wikidata.org/prop/direct/P17
Q42827372,Q2065736,P31,http://www.wikidata.org/prop/direct/P31
Q42827372,Q1132101,P131,http://www.wikidata.org/prop/direct/P131
Q42827372,Q2723621,P276,http://www.wikidata.org/prop/direct/P276
Q42827429,Q419,P17,http://www.wikidata.org/prop/direct/P17
Q42827429,Q2065736,P31,http://www.wikidata.org/prop/direct/P31
Q42827429,Q1132101,P131,http://www.wikidata.org/prop/direct/P131
Q42827429,Q2723621,P276,http://www.wikidata.org/prop/direct/P276
Q42827490,Q419,P17,http://www.wikidata.org/prop/direct/P17
Q42827490,Q2065736,P31,http://www.wikidata.org/prop/direct/P31
Q42827490,Q1132101,P131,http://www.wikidata.org/prop/direct/P131
Q42827490,Q2723621,P276,http://www.wikidata.org/prop/direct/P276
Q42827558,Q419,P17,http://www.wikidata.org/prop/direct/P17
Q42827558,Q2065736,P31,http://www.wikidata.org/prop/direct/P31
Q42827558,Q1132101,P131,http://www.wikidata.org/prop/direct/P131
Q42827558,Q2723621,P276,http://www.wikidata.org/prop/direct/P276
Q42827844,Q419,P17,http://www.wikidata.org/prop/direct/P17
Q42827844,Q2065736,P31,http://www.wikidata.org/prop/direct/P31
Q3804600,Q419,P17,http://www.wikidata.org/prop/direct/P17
Q3804600,Q200538,P31,http://www.wikidata.org/prop/direct/P31
Q30914346,Q419,P17,http://www.wikidata.org/prop/direct/P17
Q30914346,Q200538,P31,http://www.wikidata.org/prop/direct/P31
Q99209774,Q419,P17,http://www.wikidata.org/prop/direct/P17
Q99209774,Q200538,P31,http://www.wikidata.org/prop/direct/P31
Q99209774,Q3010205,P31,http://www.wikidata.org/prop/direct/P31
Q99211395,Q419,P17,http://www.wikidata.org/prop/direct/P17
Q99211395,Q200538,P31,http://www.wikidata.org/prop/direct/P31
Q99211395,Q3010205,P31,http://www.wikidata.org/prop/direct/P31
Q99317470,Q419,P17,http://www.wikidata.org/prop/direct/P17
Q99317470,Q200538,P31,http://www.wikidata.org/prop/direct/P31
Q99317470,Q3010205,P31,http://www.wikidata.org/prop/direct/P31
Q118113506,Q419,P17,http://www.wikidata.org/prop/direct/P17
Q118113506,Q200538,P31,http://www.wikidata.org/prop/direct/P31
Q118395687,Q419,P17,http://www.wikidata.org/prop/direct/P17
Q118395687,Q200538,P31,http://www.wikidata.org/prop/direct/P31
Q5447343,Q419,P17,http://www.wikidata.org/prop/direct/P17
Q5447343,Q200538,P31,http://www.wikidata.org/prop/direct/P31
Q5447343,Q68478,P138,http://www.wikidata.org/prop/direct/P138
Q5861783,Q419,P17,http://www.wikidata.org/prop/direct/P17
Q5861783,Q200538,P31,http://www.wikidata.org/prop/direct/P31
Q5221455,Q201022,P279,http://www.wikidata.org/prop/direct/P279
Q5221455,Q7171186,P279,http://www.wikidata.org/prop/direct/P279
Q5221455,Q17176998,P279,http://www.wikidata.org/prop/direct/P279
Q5221455,Q419,P495,http://www.wikidata.org/prop/direct/P495
Q5221455,Q110319947,P3259,http://www.wikidata.org/prop/direct/P3259
Q5221455,Q112898263,P6104,http://www.wikidata.org/prop/direct/P6104
Q5447343,Q2717,P837,http://www.wikidata.org/prop/direct/P837
Q5447343,Q2718,P837,http://www.wikidata.org/prop/direct/P837
Q5799139,Q11639,P279,http://www.wikidata.org/prop/direct/P279
Q5799139,Q419,P495,http://www.wikidata.org/prop/direct/P495
Q5799139,Q84036549,P1435,http://www.wikidata.org/prop/direct/P1435
Q5799139,Q110319947,P3259,http://www.wikidata.org/prop/direct/P3259
Q5799139,Q112898263,P6104,http://www.wikidata.org/prop/direct/P6104
